CircuitLength,TrackTemp,AirTemp,prev_stint_length,EventEncoded,DegradationSlope,DegradationBias,DesignedLaps,Humidity,Rainfall,SafetyCar
5000,25.715625,20.50546875,30.0,21,-2.8520999999999987,98.03128888888884,66,67.528125,0,0
4381,27.129850746268666,20.74179104477612,32.0,14,-0.086150802139037,82.7724588235294,70,77.19253731343284,1,0
5807,42.070253164556966,27.28860759493671,18.0,16,-0.2050122807017542,100.14084736842103,53,42.31645569620253,0,0
5513,37.47080745341616,28.148447204968942,16.0,32,-0.1720051948051937,104.73238528138528,56,61.19254658385093,0,0
5000,17.723776223776223,17.825174825174823,22.0,17,-0.3144789473684191,100.25778421052624,50,47.86013986013986,0,0
5807,37.50110497237569,21.69116022099448,18.0,16,-0.4858109890109949,103.31862857142862,53,43.430939226519335,0,0
7004,28.24066666666667,17.873333333333335,16.0,6,-0.2440787878787845,115.07705454545447,44,61.92666666666667,1,0
5412,27.548148148148147,25.09907407407407,19.0,5,-0.2543807017543836,100.3044263157894,57,67.84722222222223,0,0
4318,46.42097902097903,29.42587412587413,28.0,3,0.3036098901098903,71.49610989010988,71,35.00699300699301,1,0
4657,48.957317073170735,36.56585365853658,21.0,27,-0.2230751879699264,91.72931428571434,66,7.109756097560975,0,0
5000,43.22758620689656,25.287068965517243,21.0,0,-0.9207472527472492,99.24648351648348,52,58.55603448275862,0,0
5793,41.201398601398594,28.090909090909093,22.0,15,-0.3531938461538464,90.93346153846154,53,40.12447552447553,0,0
5793,43.13877551020408,27.73469387755102,22.0,15,-7.588314285714284,138.38595238095238,53,33.14965986394558,0,0
5412,28.61042944785276,23.617791411042944,18.0,5,0.6376758241758274,101.38463736263732,57,29.49079754601227,0,0
5793,42.928205128205136,29.330128205128204,22.0,15,-0.3837377450980347,90.93901960784308,53,42.32051282051282,0,0
4259,33.44601226993865,22.73006134969325,30.0,10,-0.3593939393939404,89.82607272727267,72,75.38036809815951,0,0
4318,33.18397435897436,20.96602564102564,22.0,3,-0.2125985552115571,71.83930994152047,71,49.73076923076923,1,0
7004,28.24066666666667,17.873333333333335,15.0,6,-0.149421428571428,113.39148333333334,44,61.92666666666667,1,0
5000,25.715625,20.50546875,0.0,21,-0.2480518796992513,85.10304285714288,66,67.528125,0,0
4361,41.26111111111111,20.762962962962963,30.0,8,-1.3506987012987004,98.56398701298698,70,28.925925925925927,0,0
4381,26.720958083832333,18.55988023952096,30.0,14,0.2096729249011842,83.45142391304348,70,69.31736526946108,1,0
4381,44.91612903225806,28.82387096774194,28.0,14,-0.117462337662338,84.85176623376624,70,46.92258064516129,0,0
5513,35.523529411764706,29.28529411764706,23.0,32,-0.1773458498023707,105.6583695652174,56,49.62352941176471,0,0
4657,41.09610389610391,24.132467532467533,24.0,27,-0.1284729064039397,82.13148275862066,66,63.44155844155844,1,0
5891,50.93152173913043,29.4,20.0,7,-0.1538331479421609,94.51424731182802,52,37.202173913043474,0,0
5000,36.93207547169812,31.46289308176101,13.0,22,-0.7475054945054926,94.42557142857142,57,73.15723270440252,0,0
5513,40.62857142857143,29.96011904761904,17.0,32,-0.3343556390977477,105.6065285714286,56,41.910714285714285,0,0
5412,28.61042944785276,23.617791411042944,22.0,5,0.2515119047619019,102.23633333333332,57,29.49079754601227,0,0
4318,46.42097902097903,29.42587412587413,23.0,3,-0.0707948717948706,73.4825128205128,71,35.00699300699301,1,0
4657,33.838961038961045,22.674025974025977,19.0,27,-0.0921778325123138,82.2900413793103,66,63.07792207792208,0,0
5891,30.02610837438424,18.25320197044335,18.0,7,0.0779285714285692,96.2195285714286,52,59.748768472906406,1,0
5891,27.670068027210885,15.77074829931973,11.0,7,-0.7860439560439619,99.30671428571436,52,67.33333333333333,1,0
5891,27.670068027210885,15.77074829931973,12.0,7,-0.8552021978022,97.01174285714288,52,67.33333333333333,1,0
4318,46.42097902097903,29.42587412587413,32.0,3,-0.2766284829721354,74.47950877192982,71,35.00699300699301,1,0
4361,24.569911504424784,17.797345132743363,19.0,8,-1.2173214285714316,87.101,70,73.38053097345133,1,0
4657,33.838961038961045,22.674025974025977,26.0,27,-0.2015692307692301,82.00803076923077,66,63.07792207792208,0,0
5281,34.31032258064516,28.575483870967748,29.0,1,-0.6597802197802157,96.58729670329664,58,61.68387096774194,0,0
5412,28.61042944785276,23.617791411042944,23.0,5,0.0243896103896115,105.2200909090909,57,29.49079754601227,0,0
5000,54.46171875,30.164843750000003,18.0,13,0.2226862745098048,99.1198039215686,53,47.734375,0,0
4361,30.59320987654321,18.53024691358025,18.0,8,-0.1196941176470558,77.94695588235297,70,63.901234567901234,0,0
5807,37.50110497237569,21.69116022099448,6.0,16,-0.308282142857143,102.53284166666668,53,43.430939226519335,0,0
5000,36.93207547169812,31.46289308176101,18.0,22,-0.3373178534571707,92.8739239766082,57,73.15723270440252,0,0
4381,27.129850746268666,20.74179104477612,32.0,14,-0.1315214667685245,82.6952218487395,70,77.19253731343284,1,0
5303,38.40208333333333,20.62222222222222,8.0,2,-0.2470090909090907,82.45659090909092,58,44.451388888888886,0,0
4909,16.827329192546582,10.62111801242236,6.0,12,-0.1066275862068939,80.1227862068965,63,69.4888198757764,1,0
5891,30.02610837438424,18.25320197044335,19.0,7,-0.2723263157894727,96.4545684210526,52,59.748768472906406,1,0
4381,48.579268292682926,28.808536585365857,28.0,14,-0.1285229838709682,87.42803830645163,70,32.80487804878049,0,0
5000,15.205755395683456,13.09568345323741,27.0,30,-0.4909401468097105,109.18591699604742,58,80.1611510791367,1,0
4318,33.18397435897436,20.96602564102564,32.0,3,-0.1680647826086979,71.77212000000003,71,49.73076923076923,1,0
5412,23.652866242038225,18.22738853503185,19.0,5,-0.1139304871373816,99.11634729064036,57,48.82165605095541,0,0
5412,31.01180124223602,27.43167701863354,15.0,5,-0.2499956043956065,102.0942571428572,57,21.496894409937887,0,0
4909,17.41898734177215,12.899367088607592,34.0,12,-1.2208666666666663,88.07439999999995,63,83.17088607594937,0,0
5807,37.50110497237569,21.69116022099448,15.0,16,-0.2707481940144478,100.08330409356724,53,43.430939226519335,0,0
5412,23.652866242038225,18.22738853503185,20.0,5,-0.2001242236024851,99.72103162055336,57,48.82165605095541,0,0
5807,37.50110497237569,21.69116022099448,22.0,16,-0.2944117647058831,99.94146323529417,53,43.430939226519335,0,0
5000,29.79272727272728,18.63939393939394,12.0,9,-3.019853571428569,141.09144166666667,56,66.06060606060606,0,0
7004,36.08397435897436,21.78717948717949,12.0,6,-0.1012807017543846,117.67463157894736,44,40.51923076923077,0,0
4318,52.025,28.684166666666663,30.0,3,-3.050089285714284,100.54415833333331,71,33.8325,0,0
4309,46.04910179640718,23.01077844311377,14.0,29,-0.1211788537549389,78.62344565217388,71,76.07784431137725,0,0
5793,49.31127819548872,33.1015037593985,19.0,15,-0.7755314685314705,88.81942307692307,53,32.285714285714285,0,0
5412,31.01180124223602,27.43167701863354,18.0,5,-0.1967527472527476,102.12182275132275,57,21.496894409937887,0,0
5000,17.723776223776223,17.825174825174823,19.0,17,-0.405575980392154,101.66096078431369,50,47.86013986013986,0,0
4909,16.827329192546582,10.62111801242236,6.0,12,-0.116638916256155,81.14901379310339,63,69.4888198757764,1,0
4657,33.838961038961045,22.674025974025977,26.0,27,-0.3874176470588203,82.42538235294117,66,63.07792207792208,0,0
4381,44.91612903225806,28.82387096774194,31.0,14,-0.1133038461538471,85.32472615384614,70,46.92258064516129,0,0
5000,36.93207547169812,31.46289308176101,17.0,22,-0.3735073529411776,90.5780588235294,57,73.15723270440252,0,0
5793,42.928205128205136,29.330128205128204,18.0,15,-1.807733333333332,96.15771111111104,53,42.32051282051282,0,0
5807,19.93058823529412,16.717647058823534,0.0,16,-0.5079450549450545,114.46990109890106,53,86.21176470588236,1,0
4361,24.569911504424784,17.797345132743363,18.0,8,-1.7616190476190512,89.46941666666667,70,73.38053097345133,1,0
5807,19.93058823529412,16.717647058823534,9.0,16,-0.1713651960784303,112.24527450980388,53,86.21176470588236,1,0
4657,33.838961038961045,22.674025974025977,25.0,27,-0.1966103896103885,81.79236363636363,66,63.07792207792208,0,0
5000,17.99444444444444,18.05,10.0,17,-0.087644268774704,97.57381027667984,50,47.36111111111112,0,0
5891,30.02610837438424,18.25320197044335,33.0,7,3.47611428571428,96.9160476190476,52,59.748768472906406,1,0
5891,30.02610837438424,18.25320197044335,21.0,7,-0.0897926108374356,98.8438206896551,52,59.748768472906406,1,0
4381,48.579268292682926,28.808536585365857,26.0,14,-0.0713894993895006,84.8658412698413,70,32.80487804878049,0,0
4361,30.59320987654321,18.53024691358025,30.0,8,-0.0253002189381483,76.43751724137928,70,63.901234567901234,0,0
4304,45.63947368421053,25.547368421052628,29.0,18,-0.8337937062937061,91.98261538461536,71,23.55263157894737,0,0
5891,50.93152173913043,29.4,26.0,7,-0.3900134158926714,97.25728070175435,52,37.202173913043474,0,0
5000,16.360204081632652,9.499999999999998,19.0,11,-0.1611391941391945,99.6744761904762,60,59.40408163265305,1,0
5412,27.627819548872186,20.53834586466165,16.0,5,-0.2043540903540896,99.48878835978836,57,54.517293233082704,0,0
7004,36.08397435897436,21.78717948717949,14.0,6,-0.1578499999999958,116.0855,44,40.51923076923077,0,0
7004,36.08397435897436,21.78717948717949,16.0,6,-0.2112528379772935,116.75198245614033,44,40.51923076923077,0,0
5412,31.01180124223602,27.43167701863354,18.0,5,-0.2860848484848455,102.88698181818178,57,21.496894409937887,0,0
4381,26.720958083832333,18.55988023952096,24.0,14,0.1504633642930871,85.22467251461987,70,69.31736526946108,1,0
4381,44.91612903225806,28.82387096774194,24.0,14,-0.0246259740259739,85.96347563025212,70,46.92258064516129,0,0
5000,23.469291338582668,20.947244094488195,28.0,24,-0.4476941844919786,70.46631907308375,87,58.169291338582674,0,0
4309,46.04910179640718,23.01077844311377,21.0,29,-3.952500000000013,87.99580000000002,71,76.07784431137725,0,0
4318,32.05424836601307,22.398039215686275,23.0,3,-0.1349269230769228,72.00152307692308,71,52.04575163398693,1,0
4361,41.26111111111111,20.762962962962963,23.0,8,-0.5304600437876283,91.40767487684728,70,28.925925925925927,0,0
7004,28.24066666666667,17.873333333333335,19.0,6,-0.4024392857142849,115.28607499999998,44,61.92666666666667,1,0
5000,36.93207547169812,31.46289308176101,14.0,22,-0.6291888111888129,94.23153846153843,57,73.15723270440252,0,0
5281,33.46089743589744,26.96282051282052,24.0,1,-0.2020129870129862,92.6830346320346,58,51.0,0,0
7004,36.08397435897436,21.78717948717949,20.0,6,-0.3777867132867089,117.3902435897436,44,40.51923076923077,0,0
5807,19.93058823529412,16.717647058823534,0.0,16,-0.2247871259175627,113.65835573122531,53,86.21176470588236,1,0
4381,26.720958083832333,18.55988023952096,24.0,14,0.100230432402847,83.36903201970442,70,69.31736526946108,1,0
7004,28.24066666666667,17.873333333333335,12.0,6,-0.1108608058608047,114.35296825396829,44,61.92666666666667,1,0
5000,38.95074626865672,19.392537313432832,0.0,21,-1.3593155844155853,104.64082251082247,66,39.403731343283575,0,0
4309,46.04910179640718,23.01077844311377,21.0,29,-0.2638970588235267,79.90788235294116,71,76.07784431137725,0,0
4259,33.44601226993865,22.73006134969325,29.0,10,0.2833010989010958,84.11968571428575,72,75.38036809815951,0,0
5807,19.93058823529412,16.717647058823534,0.0,16,-0.2100434782608684,112.16486956521736,53,86.21176470588236,1,0
4318,46.42097902097903,29.42587412587413,27.0,3,-0.0052294354838719,72.36086088709676,71,35.00699300699301,1,0
4909,23.2608,18.0304,34.0,12,-4.554157342657343,124.19244871794868,63,71.1368,0,0
4381,44.91612903225806,28.82387096774194,29.0,14,-0.067752005347594,86.50475935828874,70,46.92258064516129,0,0
4657,32.9223076923077,22.203076923076924,29.0,27,-0.3175056759545921,86.83363157894735,66,57.55307692307692,0,0
5281,34.31032258064516,28.575483870967748,24.0,1,-0.1669917293233094,93.35317142857149,58,61.68387096774194,0,0
4318,46.42097902097903,29.42587412587413,30.0,3,-0.1772872180451155,74.2986285714286,71,35.00699300699301,1,0
5000,16.360204081632652,9.499999999999998,28.0,11,-2.962676470588233,124.3203235294118,60,59.40408163265305,1,0
5000,23.469291338582668,20.947244094488195,28.0,24,-0.4626133021390383,70.74020677361851,87,58.169291338582674,0,0
4657,41.09610389610391,24.132467532467533,18.0,27,-0.1327009803921577,83.48107843137255,66,63.44155844155844,1,0
5000,29.79272727272728,18.63939393939394,12.0,9,-1.0735997067448673,126.56554545454544,56,66.06060606060606,0,0
5281,27.98,23.12148148148148,24.0,1,-0.3410473684210509,107.14379473684208,55,55.44666666666667,0,0
5000,38.95074626865672,19.392537313432832,0.0,21,-1.847233333333332,107.83562631578944,66,39.403731343283575,0,0
5000,43.22758620689656,25.287068965517243,12.0,0,-1.2473333333333283,100.6387777777777,52,58.55603448275862,0,0
5891,27.670068027210885,15.77074829931973,8.0,7,-1.4220727272727336,110.64612727272724,52,67.33333333333333,1,0
5000,52.35254237288136,26.692372881355933,0.0,28,-0.1083205213903755,71.52673440285204,71,33.246610169491525,0,0
4657,48.957317073170735,36.56585365853658,21.0,27,-0.1174981196581178,89.57103418803416,66,7.109756097560975,0,0
4381,48.579268292682926,28.808536585365857,9.0,14,-0.1238038461538449,86.70620615384613,70,32.80487804878049,0,0
5000,38.95074626865672,19.392537313432832,0.0,21,-1.9072621259029885,107.76545029239765,66,39.403731343283575,0,0
7004,28.24066666666667,17.873333333333335,16.0,6,-0.2898060606060587,115.7109272727272,44,61.92666666666667,1,0
5412,27.627819548872186,20.53834586466165,14.0,5,-0.264633478260872,98.97749333333338,57,54.517293233082704,0,0
4657,32.9223076923077,22.203076923076924,14.0,27,-0.1463852173913066,83.7668466666667,66,57.55307692307692,0,0
4381,27.129850746268666,20.74179104477612,34.0,14,-0.1682083743842357,82.8376758620689,70,77.19253731343284,1,0
7004,28.24066666666667,17.873333333333335,16.0,6,-0.3697890109890155,113.55462857142862,44,61.92666666666667,1,0
7004,36.08397435897436,21.78717948717949,11.0,6,-0.2036212590299256,116.6585029239766,44,40.51923076923077,0,0
5000,16.360204081632652,9.499999999999998,25.0,11,-0.4214992307692317,103.36487076923076,60,59.40408163265305,1,0
5807,42.070253164556966,27.28860759493671,15.0,16,-0.1580317460317459,101.48259788359788,53,42.31645569620253,0,0
7004,36.08397435897436,21.78717948717949,16.0,6,-0.2199714285714279,114.47593333333334,44,40.51923076923077,0,0
4309,46.04910179640718,23.01077844311377,23.0,29,-0.824892173913044,94.97817666666668,71,76.07784431137725,0,0
5412,27.627819548872186,20.53834586466165,22.0,5,-0.2806912280701745,98.59890526315787,57,54.517293233082704,0,0
5793,43.52751677852349,28.885234899328864,24.0,15,-2.078654545454542,103.0755454545454,53,33.275838926174494,0,0
4381,37.822513089005234,27.226701570680625,0.0,14,-0.2410488922841864,88.78998319327732,70,68.61570680628273,1,0
4381,26.720958083832333,18.55988023952096,23.0,14,0.1031193548387084,83.7730483870968,70,69.31736526946108,1,0
5807,19.93058823529412,16.717647058823534,0.0,16,-0.187644268774706,112.96956521739136,53,86.21176470588236,1,0
5000,23.469291338582668,20.947244094488195,31.0,24,1.390821428571427,61.76874999999999,87,58.169291338582674,0,0
4657,33.838961038961045,22.674025974025977,20.0,27,-0.2174675324675307,81.47605627705624,66,63.07792207792208,0,0
3337,31.038367346938774,22.27469387755102,24.0,20,-0.5770534759358271,91.4850588235294,78,75.66530612244898,1,0
4657,32.9223076923077,22.203076923076924,18.0,27,-0.0707332015810275,86.2699347826087,66,57.55307692307692,0,0
4657,47.55581395348836,29.7968992248062,23.0,27,-0.2016545454545447,86.40230735930736,66,56.38449612403101,0,0
5303,38.40208333333333,20.62222222222222,24.0,2,1.011487745098039,76.98645098039218,58,44.451388888888886,0,0
5000,15.205755395683456,13.09568345323741,28.0,30,-0.8407582417582414,114.99585714285708,58,80.1611510791367,1,0
5807,19.93058823529412,16.717647058823534,0.0,16,-0.1936259740259733,111.58159307359306,53,86.21176470588236,1,0
5793,41.201398601398594,28.090909090909093,22.0,15,-0.3298061538461545,90.70623076923076,53,40.12447552447553,0,0
5303,38.40208333333333,20.62222222222222,29.0,2,0.6249610389610397,78.35372294372293,58,44.451388888888886,0,0
7004,42.26715328467153,21.32846715328467,10.0,6,-0.092664935064936,109.7853636363636,44,49.58394160583941,0,0
5000,41.21,24.860625,18.0,4,-0.1666817186644755,109.40759605911327,51,49.225,0,0
5000,43.22758620689656,25.287068965517243,16.0,0,-0.4187205882352924,95.6094705882353,52,58.55603448275862,0,0
5891,30.02610837438424,18.25320197044335,24.0,7,-0.2137256521739175,95.86813666666671,52,59.748768472906406,1,0
5281,33.46089743589744,26.96282051282052,24.0,1,-0.2181916971916959,92.89249206349204,58,51.0,0,0
5513,35.523529411764706,29.28529411764706,17.0,32,-0.2037857142857126,103.533,56,49.62352941176471,0,0
5793,41.201398601398594,28.090909090909093,22.0,15,-0.4188868376068373,91.49800854700857,53,40.12447552447553,0,0
4361,24.569911504424784,17.797345132743363,13.0,8,-0.8744982456140347,100.59179999999996,70,73.38053097345133,1,0
5891,27.670068027210885,15.77074829931973,11.0,7,-0.6370307692307716,96.90391428571432,52,67.33333333333333,1,0
4318,46.42097902097903,29.42587412587413,24.0,3,-0.0159715909090918,73.33845454545452,71,35.00699300699301,1,0
4309,51.56139240506329,23.1373417721519,7.0,29,-0.9960259740259731,92.16254545454544,71,60.10126582278481,0,0
5513,35.523529411764706,29.28529411764706,23.0,32,-0.3320288957688311,105.15913450292396,56,49.62352941176471,0,0
5807,42.070253164556966,27.28860759493671,16.0,16,-0.1575105263157874,100.4364368421052,53,42.31645569620253,0,0
5063,36.42215909090909,29.844318181818185,24.0,26,-0.8969917440660428,109.98270760233916,62,72.0284090909091,0,0
5891,30.02610837438424,18.25320197044335,32.0,7,0.0373714285714295,99.9435714285714,52,59.748768472906406,1,0
5000,43.22758620689656,25.287068965517243,27.0,0,-0.6963999999999992,95.03954545454546,52,58.55603448275862,0,0
5513,40.62857142857143,29.96011904761904,19.0,32,-0.3542280701754379,105.37384210526312,56,41.910714285714285,0,0
4381,48.579268292682926,28.808536585365857,27.0,14,-0.077489053092501,86.8544236453202,70,32.80487804878049,0,0
4381,48.579268292682926,28.808536585365857,18.0,14,-0.1292778260869588,85.18857000000003,70,32.80487804878049,0,0
5000,25.715625,20.50546875,25.0,21,-0.3633675889328072,85.93635968379446,66,67.528125,0,0
5793,41.201398601398594,28.090909090909093,22.0,15,-0.3129753846153849,90.88484615384615,53,40.12447552447553,0,0
5000,30.60328947368421,26.41513157894737,20.0,22,0.1195849572649575,88.14295726495725,57,75.54013157894737,1,0
5412,28.61042944785276,23.617791411042944,18.0,5,-0.3393321678321679,102.47991025641024,57,29.49079754601227,0,0
5891,30.02610837438424,18.25320197044335,17.0,7,-0.2527383458646654,100.29811428571436,52,59.748768472906406,1,0
4657,33.838961038961045,22.674025974025977,24.0,27,-0.1362017961876827,82.19728409090906,66,63.07792207792208,0,0
4381,27.129850746268666,20.74179104477612,0.0,14,-0.1708699507389159,83.91193793103444,70,77.19253731343284,1,0
4657,32.9223076923077,22.203076923076924,17.0,27,-0.1141435897435898,85.96864102564102,66,57.55307692307692,0,0
4381,26.720958083832333,18.55988023952096,20.0,14,-0.5770629514963895,92.43714619883043,70,69.31736526946108,1,0
5793,49.31127819548872,33.1015037593985,18.0,15,-0.326296103896104,86.98105627705628,53,32.285714285714285,0,0
4381,37.822513089005234,27.226701570680625,0.0,14,-0.5849210526315811,92.33350000000004,70,68.61570680628273,1,0
3337,39.25568181818182,25.06590909090909,0.0,20,-0.8181853846153858,106.12546461538464,78,45.86363636363637,1,0
5000,17.99444444444444,18.05,23.0,17,-0.158428006775832,99.1510395256917,50,47.36111111111112,0,0
4657,41.09610389610391,24.132467532467533,21.0,27,-0.1168551724137953,81.44020000000005,66,63.44155844155844,1,0
5000,36.93207547169812,31.46289308176101,17.0,22,-0.4691936274509791,92.41060784313724,57,73.15723270440252,0,0
4657,33.838961038961045,22.674025974025977,22.0,27,-0.1462306451612916,82.29184677419357,66,63.07792207792208,0,0
4318,32.05424836601307,22.398039215686275,13.0,3,-0.0743689655172397,72.3079586206896,71,52.04575163398693,1,0
4657,32.9223076923077,22.203076923076924,30.0,27,-1.362000000000008,88.75450000000001,66,57.55307692307692,0,0
5412,44.664,28.521999999999995,13.0,19,-0.3284705882352919,95.74741176470586,57,59.00666666666667,0,0
5513,35.523529411764706,29.28529411764706,21.0,32,-0.2468852173913072,106.57851333333342,56,49.62352941176471,0,0
5891,27.670068027210885,15.77074829931973,11.0,7,-1.1532285714285757,102.46977142857148,52,67.33333333333333,1,0
5000,38.95074626865672,19.392537313432832,0.0,21,-1.3938368153585532,104.65305928853752,66,39.403731343283575,0,0
5513,37.47080745341616,28.148447204968942,21.0,32,-0.3700098039215634,105.41984313725484,56,61.19254658385093,0,0
4381,48.579268292682926,28.808536585365857,23.0,14,-0.1447905982905978,85.90753703703705,70,32.80487804878049,0,0
4657,41.09610389610391,24.132467532467533,25.0,27,-0.1978390739695084,83.71308300395255,66,63.44155844155844,1,0
5000,16.360204081632652,9.499999999999998,15.0,11,-2.221758823529409,115.7839411764706,60,59.40408163265305,1,0
5412,27.548148148148147,25.09907407407407,24.0,5,0.3102993035190617,93.71945454545452,57,67.84722222222223,0,0
3337,39.25568181818182,25.06590909090909,7.0,20,-0.9086308695652188,105.89913000000004,78,45.86363636363637,1,0
5412,31.01180124223602,27.43167701863354,12.0,5,-0.540154411764702,106.20335294117643,57,21.496894409937887,0,0
5000,15.205755395683456,13.09568345323741,7.0,30,-1.1831272727272693,109.79463636363636,58,80.1611510791367,1,0
5412,27.548148148148147,25.09907407407407,15.0,5,-0.2423781954887238,99.55834285714288,57,67.84722222222223,0,0
4361,24.569911504424784,17.797345132743363,17.0,8,-0.4135384615384631,91.86511111111112,70,73.38053097345133,1,0
4909,23.2608,18.0304,12.0,12,-5.344835664335662,125.34867948717944,63,71.1368,0,0
5000,41.21,24.860625,6.0,4,-0.3988898927159786,114.48934387351775,51,49.225,0,0
4909,23.2608,18.0304,24.0,12,-4.917363636363634,127.56233333333331,63,71.1368,0,0
3337,31.038367346938774,22.27469387755102,7.0,20,-0.7837859649122786,88.8417578947368,78,75.66530612244898,1,0
5000,17.723776223776223,17.825174825174823,15.0,17,-0.3346315789473651,101.01947953216371,50,47.86013986013986,0,0
5891,27.670068027210885,15.77074829931973,10.0,7,-0.8372714285714272,99.32436666666668,52,67.33333333333333,1,0
4381,44.91612903225806,28.82387096774194,20.0,14,-0.1612696078431347,84.57980392156861,70,46.92258064516129,0,0
4318,32.05424836601307,22.398039215686275,13.0,3,-0.0549776392961873,71.7888409090909,71,52.04575163398693,1,0
4909,42.023776223776224,25.11398601398601,33.0,12,-0.1664561403508757,84.63573684210522,63,48.42657342657343,0,0
4909,23.2608,18.0304,9.0,12,-4.647225274725278,124.98204395604398,63,71.1368,0,0
4381,27.129850746268666,20.74179104477612,0.0,14,-0.1128064957264959,82.59558119658121,70,77.19253731343284,1,0
3337,39.25568181818182,25.06590909090909,0.0,20,-0.9588774703557332,105.37778260869568,78,45.86363636363637,1,0
4657,47.55581395348836,29.7968992248062,24.0,27,-0.2243181818181799,86.0459913419913,66,56.38449612403101,0,0
4657,47.55581395348836,29.7968992248062,24.0,27,-0.2258000000000023,86.19020000000003,66,56.38449612403101,0,0
3337,31.038367346938774,22.27469387755102,9.0,20,-0.2530508021390386,83.3509643493761,78,75.66530612244898,1,0
5000,38.95074626865672,19.392537313432832,0.0,21,-1.778735087719296,107.14014210526314,66,39.403731343283575,0,0
4657,41.09610389610391,24.132467532467533,18.0,27,-0.2009473684210512,82.21571929824562,66,63.44155844155844,1,0
4361,30.59320987654321,18.53024691358025,29.0,8,-0.0234211822660075,76.60282758620684,70,63.901234567901234,0,0
7004,42.26715328467153,21.32846715328467,24.0,6,-0.8954833333333325,113.06271111111108,44,49.58394160583941,0,0
5000,15.205755395683456,13.09568345323741,27.0,30,-0.405111801242236,105.33281027667984,58,80.1611510791367,1,0
4657,32.9223076923077,22.203076923076924,21.0,27,-0.3088977443609044,86.3109285714286,66,57.55307692307692,0,0
7004,28.24066666666667,17.873333333333335,19.0,6,-0.1924561403508766,114.1777894736842,44,61.92666666666667,1,0
4657,41.09610389610391,24.132467532467533,32.0,27,-0.1730343478260894,82.6481866666667,66,63.44155844155844,1,0
5793,42.928205128205136,29.330128205128204,20.0,15,-0.3845024509803912,90.5659019607843,53,42.32051282051282,0,0
4657,32.9223076923077,22.203076923076924,30.0,27,-1.3140333333333354,88.69835555555552,66,57.55307692307692,0,0
7004,28.24066666666667,17.873333333333335,20.0,6,-0.0612543859649088,114.18655263157883,44,61.92666666666667,1,0
5807,42.070253164556966,27.28860759493671,17.0,16,-0.2303701754385946,100.3705947368421,53,42.31645569620253,0,0
5303,38.40208333333333,20.62222222222222,27.0,2,0.5136798418972328,79.15477075098815,58,44.451388888888886,0,0
5000,36.93207547169812,31.46289308176101,13.0,22,-0.4082600619195026,91.7456549707602,57,73.15723270440252,0,0
4381,26.720958083832333,18.55988023952096,18.0,14,-0.4425357142857133,88.50201666666666,70,69.31736526946108,1,0
5513,37.47080745341616,28.148447204968942,22.0,32,-0.1868321428571425,107.73035833333331,56,61.19254658385093,0,0
5513,35.523529411764706,29.28529411764706,18.0,32,-0.276828995601172,108.44088068181811,56,49.62352941176471,0,0
3337,31.038367346938774,22.27469387755102,23.0,20,-0.1798540903540904,85.41776984126984,78,75.66530612244898,1,0
4318,32.05424836601307,22.398039215686275,12.0,3,-0.2800006105006098,76.2736746031746,71,52.04575163398693,1,0
4381,27.129850746268666,20.74179104477612,15.0,14,-0.1146145161290348,84.80205645161293,70,77.19253731343284,1,0
4318,52.025,28.684166666666663,30.0,3,-2.984428571428571,100.07566666666668,71,33.8325,0,0
5793,43.13877551020408,27.73469387755102,7.0,15,2.317972727272726,91.72595454545458,53,33.14965986394558,0,0
5513,37.47080745341616,28.148447204968942,21.0,32,-0.8242727272727236,107.46009090909092,56,61.19254658385093,0,0
5000,17.723776223776223,17.825174825174823,20.0,17,-0.1385712820512825,100.29410256410256,50,47.86013986013986,0,0
4657,33.838961038961045,22.674025974025977,34.0,27,-0.1701439316239324,83.00799145299148,66,63.07792207792208,0,0
5063,28.973333333333333,26.23254901960784,0.0,26,-0.4906298245614007,116.62356315789468,61,87.44705882352942,1,0
4381,26.720958083832333,18.55988023952096,21.0,14,-0.2571813725490165,88.57856862745096,70,69.31736526946108,1,0
4381,37.822513089005234,27.226701570680625,0.0,14,-0.6763824561403472,93.10502105263151,70,68.61570680628273,1,0
4657,32.9223076923077,22.203076923076924,24.0,27,-0.3089345864661662,86.28912857142858,66,57.55307692307692,0,0
4309,46.04910179640718,23.01077844311377,24.0,29,-0.8605565217391319,96.67515000000004,71,76.07784431137725,0,0
5412,23.652866242038225,18.22738853503185,21.0,5,-0.1250652173913067,98.77941666666668,57,48.82165605095541,0,0
4657,48.957317073170735,36.56585365853658,19.0,27,-0.2821715686274478,92.65437254901956,66,7.109756097560975,0,0
4657,33.838961038961045,22.674025974025977,18.0,27,-0.2255049019607833,83.03198039215684,66,63.07792207792208,0,0
4381,27.129850746268666,20.74179104477612,32.0,14,-0.3444877450980375,85.1115490196078,70,77.19253731343284,1,0
5513,37.47080745341616,28.148447204968942,18.0,32,-0.1532433497536919,105.2001655172413,56,61.19254658385093,0,0
5000,43.22758620689656,25.287068965517243,15.0,0,-0.4990769230769273,95.85628571428572,52,58.55603448275862,0,0
4361,41.26111111111111,20.762962962962963,28.0,8,-0.1884435160427809,86.17700534759352,70,28.925925925925927,0,0
4381,37.822513089005234,27.226701570680625,0.0,14,-0.4095477832512305,91.23756551724134,70,68.61570680628273,1,0
5513,40.62857142857143,29.96011904761904,18.0,32,-0.163998084291186,105.6550098522167,56,41.910714285714285,0,0
4361,24.569911504424784,17.797345132743363,15.0,8,-0.306318131256955,90.79821290322582,70,73.38053097345133,1,0
5000,17.723776223776223,17.825174825174823,16.0,17,-0.2325543478260868,100.3398804347826,50,47.86013986013986,0,0
4657,33.838961038961045,22.674025974025977,22.0,27,-0.1621241025641014,82.27189743589743,66,63.07792207792208,0,0
5000,47.14968944099379,25.43540372670808,24.0,4,0.0012671568627466,108.14545098039214,51,59.49068322981366,0,0
5807,19.93058823529412,16.717647058823534,0.0,16,-0.2017441558441573,111.69310822510823,53,86.21176470588236,1,0
5000,29.79272727272728,18.63939393939394,15.0,9,-2.58054705882353,135.66372794117652,56,66.06060606060606,0,0
4657,33.838961038961045,22.674025974025977,23.0,27,-0.2838470588235272,81.1574779411765,66,63.07792207792208,0,0
5891,50.93152173913043,29.4,27.0,7,-0.2045780632411075,94.6506195652174,52,37.202173913043474,0,0
5000,21.75696202531645,19.13860759493671,34.0,23,-1.835085714285711,124.63338095238092,53,61.947468354430384,1,0
4909,23.2608,18.0304,28.0,12,0.6608300395256916,76.48726086956522,63,71.1368,0,0
5412,31.01180124223602,27.43167701863354,16.0,5,-0.2612307692307741,102.2161428571429,57,21.496894409937887,0,0
4381,44.91612903225806,28.82387096774194,29.0,14,-0.167560276679842,85.0419456521739,70,46.92258064516129,0,0
5891,30.94105960264901,21.473509933774835,25.0,7,-2.4442458646616565,127.03348571428572,52,56.18543046357616,0,0
5412,28.61042944785276,23.617791411042944,16.0,5,-0.3599950980392144,102.18796078431372,57,29.49079754601227,0,0
4657,32.9223076923077,22.203076923076924,31.0,27,-0.1538584615384606,86.20653846153846,66,57.55307692307692,0,0
5303,38.40208333333333,20.62222222222222,7.0,2,-0.0454188034188028,85.18865811965811,58,44.451388888888886,0,0
5807,19.93058823529412,16.717647058823534,6.0,16,-0.510758241758246,113.51828571428577,53,86.21176470588236,1,0
5412,31.01180124223602,27.43167701863354,15.0,5,-0.1834578754578756,101.71513756613756,57,21.496894409937887,0,0
5412,27.627819548872186,20.53834586466165,15.0,5,-0.2518090225563941,100.30738571428574,57,54.517293233082704,0,0
5000,16.360204081632652,9.499999999999998,21.0,11,-0.4603178260869588,103.36528,60,59.40408163265305,1,0
5513,35.523529411764706,29.28529411764706,20.0,32,-0.2586549971767363,105.66205928853756,56,49.62352941176471,0,0
4309,46.77595628415301,20.460109289617485,0.0,29,-0.001454545454542,78.02299999999997,71,58.17486338797814,1,0
4318,32.05424836601307,22.398039215686275,12.0,3,-0.1911971078976668,75.11499139784951,71,52.04575163398693,1,0
6174,31.68497409326425,28.816062176165804,13.0,25,-0.469608648056922,109.77700246305416,50,76.20310880829015,0,0
5000,16.360204081632652,9.499999999999998,29.0,11,-1.9609545454545445,104.20583333333332,60,59.40408163265305,1,0
5513,35.523529411764706,29.28529411764706,22.0,32,-0.1830067758328632,103.56079841897235,56,49.62352941176471,0,0
4381,48.579268292682926,28.808536585365857,18.0,14,-0.1033724685276394,84.93484975369456,70,32.80487804878049,0,0
3337,37.59555555555556,20.760740740740744,29.0,20,0.2302818181818224,74.18786363636363,78,61.42444444444444,0,0
5000,30.60328947368421,26.41513157894737,25.0,22,0.227784867306608,87.49539525691698,57,75.54013157894737,1,0
5000,17.99444444444444,18.05,11.0,17,-0.1648797289666845,99.11569169960472,50,47.36111111111112,0,0
5281,33.46089743589744,26.96282051282052,20.0,1,-0.3305485294117626,92.61492647058829,58,51.0,0,0
5000,21.75696202531645,19.13860759493671,32.0,23,-2.260857142857136,123.32680952380947,53,61.947468354430384,1,0
4909,23.2608,18.0304,14.0,12,-4.599604895104895,124.11174358974355,63,71.1368,0,0
3337,46.318000000000005,21.596499999999995,0.0,20,-0.0093754385964894,77.35243157894733,78,63.99,0,0
5412,27.548148148148147,25.09907407407407,16.0,5,-0.5575588235294103,102.9301911764706,57,67.84722222222223,0,0
5000,23.469291338582668,20.947244094488195,26.0,24,-0.5771601906158352,73.11054545454544,87,58.169291338582674,0,0
5807,37.50110497237569,21.69116022099448,21.0,16,-0.1347312569521701,100.5718365591398,53,43.430939226519335,0,0
5412,28.61042944785276,23.617791411042944,14.0,5,-0.4362107142857095,103.1985416666666,57,29.49079754601227,0,0
5000,18.18089171974522,15.82547770700637,0.0,30,-0.4394842105263176,99.42150000000002,58,93.5248407643312,0,0
4318,52.025,28.684166666666663,30.0,3,-3.1530035714285654,100.76542499999996,71,33.8325,0,0
5000,17.723776223776223,17.825174825174823,23.0,17,-0.4401308823529409,101.54754411764708,50,47.86013986013986,0,0
5281,34.31032258064516,28.575483870967748,27.0,1,-0.3857916666666648,93.86245098039214,58,61.68387096774194,0,0
4657,41.09610389610391,24.132467532467533,23.0,27,-0.2438543859649126,81.66774210526314,66,63.44155844155844,1,0
7004,36.08397435897436,21.78717948717949,15.0,6,-0.1722219780219801,113.66708571428572,44,40.51923076923077,0,0
4657,33.838961038961045,22.674025974025977,21.0,27,-0.1524865900383134,82.26806896551724,66,63.07792207792208,0,0
5000,23.469291338582668,20.947244094488195,15.0,24,-1.2661784615384628,79.47558153846155,87,58.169291338582674,0,0
5281,28.4656050955414,24.519108280254777,23.0,1,-0.4768946078431347,93.8563333333333,58,59.05477707006369,0,0
4318,46.42097902097903,29.42587412587413,28.0,3,1.249934065934064,66.98170329670329,71,35.00699300699301,1,0
5412,27.548148148148147,25.09907407407407,22.0,5,-0.2235661764705859,99.10670588235293,57,67.84722222222223,0,0
4309,46.04910179640718,23.01077844311377,22.0,29,-0.6240538461538464,92.52060615384616,71,76.07784431137725,0,0
4259,36.10569620253165,21.50443037974684,19.0,10,-0.0883693181818187,75.79019318181817,72,54.10822784810126,0,0
5000,36.93207547169812,31.46289308176101,14.0,22,-0.4036495098039185,91.12749019607836,57,73.15723270440252,0,0
4309,46.77595628415301,20.460109289617485,0.0,29,0.0076357142857165,77.74914999999999,71,58.17486338797814,1,0
5793,41.201398601398594,28.090909090909093,22.0,15,-0.3324389743589744,90.72233333333332,53,40.12447552447553,0,0
4657,33.838961038961045,22.674025974025977,20.0,27,-0.1478571428571417,81.71936507936508,66,63.07792207792208,0,0
5000,30.60328947368421,26.41513157894737,32.0,22,1.080885714285713,91.59428571428568,57,75.54013157894737,1,0
4657,48.957317073170735,36.56585365853658,22.0,27,-0.2102009803921561,90.8963137254902,66,7.109756097560975,0,0
5000,17.723776223776223,17.825174825174823,10.0,17,-0.1566156521739152,100.2652466666667,50,47.86013986013986,0,0
5412,27.627819548872186,20.53834586466165,19.0,5,-0.1850973913043498,98.50395333333336,57,54.517293233082704,0,0
5000,36.93207547169812,31.46289308176101,18.0,22,-0.4116862745098029,94.12444444444444,57,73.15723270440252,0,0
7004,42.26715328467153,21.32846715328467,15.0,6,-0.1846948051948044,111.1459004329004,44,49.58394160583941,0,0
5891,27.670068027210885,15.77074829931973,10.0,7,-0.7346153846153879,95.97342857142858,52,67.33333333333333,1,0
5513,40.62857142857143,29.96011904761904,20.0,32,-0.4097235294117601,104.59605147058824,56,41.910714285714285,0,0
5891,30.02610837438424,18.25320197044335,21.0,7,-0.6440928571428554,100.29465,52,59.748768472906406,1,0
5000,30.60328947368421,26.41513157894737,22.0,22,0.4646735294117639,85.32007352941181,57,75.54013157894737,1,0
5412,23.652866242038225,18.22738853503185,19.0,5,-0.2047558441558431,100.20084415584414,57,48.82165605095541,0,0
4909,17.41898734177215,12.899367088607592,14.0,12,-1.203676923076926,95.19454285714286,63,83.17088607594937,0,0
5793,43.13877551020408,27.73469387755102,12.0,15,-4.290628571428569,123.50323809523806,53,33.14965986394558,0,0
5412,42.81975308641975,30.617283950617285,11.0,19,-2.5800821428571434,121.50844166666668,57,58.858024691358025,1,0
4361,41.26111111111111,20.762962962962963,31.0,8,-0.1859831932773107,86.6710168067227,70,28.925925925925927,0,0
4657,47.55581395348836,29.7968992248062,21.0,27,-0.3983428571428595,86.98800000000001,66,56.38449612403101,0,0
4361,41.26111111111111,20.762962962962963,30.0,8,-1.7072740259740244,102.91702597402596,70,28.925925925925927,0,0
4318,30.74671052631579,20.25592105263158,32.0,3,-1.2191263736263716,78.93306593406591,71,35.13815789473684,0,0
5281,34.31032258064516,28.575483870967748,18.0,1,-0.1803046153846159,92.2806153846154,58,61.68387096774194,0,0
4381,48.579268292682926,28.808536585365857,21.0,14,0.0390848930481274,85.11261140819963,70,32.80487804878049,0,0
4309,51.56139240506329,23.1373417721519,7.0,29,-0.96806662902315,92.31515415019764,71,60.10126582278481,0,0
4318,33.18397435897436,20.96602564102564,28.0,3,-0.7522272727272726,73.13586363636365,71,49.73076923076923,1,0
5281,31.80540540540541,26.76824324324324,21.0,1,-0.1782423076923082,92.2274676923077,58,51.44594594594594,0,0
5000,29.79272727272728,18.63939393939394,10.0,9,-0.757411330049259,116.89599999999994,56,66.06060606060606,0,0
5000,15.205755395683456,13.09568345323741,26.0,30,-0.0776082706766935,103.79072857142862,58,80.1611510791367,1,0
5513,46.60193548387097,28.12129032258064,30.0,32,-0.2533077357425188,103.4490039525692,56,35.535483870967745,0,0
5793,41.201398601398594,28.090909090909093,22.0,15,-0.281637264957265,90.30335042735042,53,40.12447552447553,0,0
5000,17.99444444444444,18.05,25.0,17,-0.0991496329757201,97.84770750988142,50,47.36111111111112,0,0
4309,51.56139240506329,23.1373417721519,7.0,29,-0.6105911111111116,90.12065811965812,71,60.10126582278481,0,0
5807,19.93058823529412,16.717647058823534,7.0,16,-0.7308666666666558,114.75768888888882,53,86.21176470588236,1,0
5807,42.070253164556966,27.28860759493671,22.0,16,-0.3235892672858602,100.90873099415202,53,42.31645569620253,0,0
4909,17.41898734177215,12.899367088607592,32.0,12,-0.9262902097902078,86.93467948717947,63,83.17088607594937,0,0
5000,47.14968944099379,25.43540372670808,20.0,4,-0.5434451127819587,115.8887285714286,51,59.49068322981366,0,0
5793,49.31127819548872,33.1015037593985,23.0,15,-0.3762899896800811,87.90229824561403,53,32.285714285714285,0,0
5412,27.627819548872186,20.53834586466165,18.0,5,-0.178266153846154,99.08155384615382,57,54.517293233082704,0,0
5000,23.469291338582668,20.947244094488195,27.0,24,-0.5844224706744857,73.2893295454545,87,58.169291338582674,0,0
6174,31.59315068493151,25.528082191780825,28.0,25,-0.6110417582417625,98.63420000000004,50,62.33561643835616,0,0
5793,41.201398601398594,28.090909090909093,7.0,15,-0.4470441025641039,92.157358974359,53,40.12447552447553,0,0
4361,41.26111111111111,20.762962962962963,30.0,8,-1.459988142292489,100.47773913043474,70,28.925925925925927,0,0
7004,42.26715328467153,21.32846715328467,15.0,6,-0.2431506707946336,109.9506140350877,44,49.58394160583941,0,0
5412,27.627819548872186,20.53834586466165,0.0,5,-0.3621279669762626,98.84319883040934,57,54.517293233082704,0,0
4309,46.04910179640718,23.01077844311377,19.0,29,-0.9741363636363632,96.04593478260868,71,76.07784431137725,0,0
7004,36.08397435897436,21.78717948717949,14.0,6,-0.234426315789471,116.24631052631574,44,40.51923076923077,0,0
4381,48.579268292682926,28.808536585365857,28.0,14,-0.3652491228070175,86.39676842105261,70,32.80487804878049,0,0
4657,48.957317073170735,36.56585365853658,21.0,27,-0.1701840767927722,90.84620553359684,66,7.109756097560975,0,0
5000,43.22758620689656,25.287068965517243,19.0,0,-0.1965661654135361,93.9125285714286,52,58.55603448275862,0,0
5807,37.50110497237569,21.69116022099448,25.0,16,-0.1920671550671548,99.11672486772488,53,43.430939226519335,0,0
5303,38.40208333333333,20.62222222222222,30.0,2,0.6359263157894745,77.72503157894734,58,44.451388888888886,0,0
5807,37.50110497237569,21.69116022099448,14.0,16,-0.2207922077922073,100.26316017316016,53,43.430939226519335,0,0
7004,36.08397435897436,21.78717948717949,12.0,6,-0.2758439560439651,116.69020000000008,44,40.51923076923077,0,0
7004,42.26715328467153,21.32846715328467,13.0,6,-0.1590891304347861,111.92315000000004,44,49.58394160583941,0,0
4657,47.55581395348836,29.7968992248062,19.0,27,-0.2149369565217407,86.2998166666667,66,56.38449612403101,0,0
4657,32.9223076923077,22.203076923076924,30.0,27,-0.6558351648351605,86.77216483516477,66,57.55307692307692,0,0
5513,37.47080745341616,28.148447204968942,18.0,32,-0.1297777777777787,103.75544444444448,56,61.19254658385093,0,0
5000,29.79272727272728,18.63939393939394,14.0,9,-1.20431918449198,129.6302887700534,56,66.06060606060606,0,0
5000,36.93207547169812,31.46289308176101,15.0,22,-0.4426367389060893,92.93602339181288,57,73.15723270440252,0,0
5281,33.46089743589744,26.96282051282052,23.0,1,-0.2177492941840769,91.83264031620554,58,51.0,0,0
4361,24.569911504424784,17.797345132743363,19.0,8,-0.5305870085470091,93.18568376068376,70,73.38053097345133,1,0
5412,27.627819548872186,20.53834586466165,18.0,5,0.0295736842105274,100.04531052631576,57,54.517293233082704,0,0
5412,28.61042944785276,23.617791411042944,22.0,5,0.2928666666666719,101.44319999999992,57,29.49079754601227,0,0
4361,30.59320987654321,18.53024691358025,25.0,8,-0.0284986631016042,77.57509982174686,70,63.901234567901234,0,0
5000,43.22758620689656,25.287068965517243,6.0,0,-0.3610052631578948,94.639,52,58.55603448275862,0,0
5000,23.469291338582668,20.947244094488195,26.0,24,-0.5086945760122213,72.61651932773108,87,58.169291338582674,0,0
4657,48.957317073170735,36.56585365853658,21.0,27,-0.1983112648221366,91.53207608695654,66,7.109756097560975,0,0
5513,37.47080745341616,28.148447204968942,23.0,32,-0.91606593406593,112.55716483516476,56,61.19254658385093,0,0
4381,44.91612903225806,28.82387096774194,29.0,14,-0.1211300000000017,86.73887000000005,70,46.92258064516129,0,0
5793,49.31127819548872,33.1015037593985,22.0,15,-0.3860030075187993,87.63972857142862,53,32.285714285714285,0,0
5000,35.22879999999999,25.3144,14.0,13,-0.009880519480518,97.32623376623371,53,58.6304,0,0
5412,27.548148148148147,25.09907407407407,16.0,5,-0.3520147058823525,100.58735294117643,57,67.84722222222223,0,0
7004,42.26715328467153,21.32846715328467,18.0,6,-0.4876219780219797,112.00011428571428,44,49.58394160583941,0,0
4657,32.9223076923077,22.203076923076924,28.0,27,-0.4686395604395616,87.23308571428574,66,57.55307692307692,0,0
6174,28.40921052631579,25.42039473684211,11.0,25,-0.1681887351778645,100.50872826086956,50,59.66447368421053,0,0
5281,33.46089743589744,26.96282051282052,15.0,1,-0.1920574358974354,92.8292564102564,58,51.0,0,0
5412,23.652866242038225,18.22738853503185,18.0,5,-0.0975710789766417,98.52024731182796,57,48.82165605095541,0,0
5513,40.62857142857143,29.96011904761904,19.0,32,-0.140778803418804,105.0415811965812,56,41.910714285714285,0,0
5281,33.46089743589744,26.96282051282052,18.0,1,-0.1872401185770763,91.5956847826087,58,51.0,0,0
5793,42.928205128205136,29.330128205128204,21.0,15,-0.3120578947368423,90.42088947368418,53,42.32051282051282,0,0
3337,39.25568181818182,25.06590909090909,11.0,20,-0.931402173913044,105.44294565217392,78,45.86363636363637,1,0
5000,17.723776223776223,17.825174825174823,21.0,17,-0.3049349845201227,100.27439181286547,50,47.86013986013986,0,0
4657,47.55581395348836,29.7968992248062,16.0,27,-0.080049388209123,86.2610494623656,66,56.38449612403101,0,0
5891,27.670068027210885,15.77074829931973,11.0,7,-0.8030813186813224,96.96045714285718,52,67.33333333333333,1,0
4909,16.827329192546582,10.62111801242236,28.0,12,-0.1078532019704411,80.99918620689651,63,69.4888198757764,1,0
5000,17.99444444444444,18.05,12.0,17,-0.0755714285714281,99.2823636363636,50,47.36111111111112,0,0
5000,38.95074626865672,19.392537313432832,0.0,21,-0.7741492610837425,100.11795172413788,66,39.403731343283575,0,0
5891,40.6328125,21.29140625,24.0,7,-0.3764511575381135,94.70387351778656,52,44.16796874999999,0,0
5303,30.13963963963964,17.449549549549552,7.0,2,0.3131309523809496,84.40766666666667,58,54.15765765765766,0,0
7004,29.82396694214876,18.568595041322315,20.0,6,-0.2976835164835198,112.03508571428576,44,54.85289256198346,0,0
5000,44.34934210526316,26.70592105263158,21.0,4,-0.0232233201581025,110.38289130434784,51,38.01973684210526,0,0
5412,44.664,28.521999999999995,18.0,19,-0.4669731800766257,101.51992364532016,57,59.00666666666667,0,0
3337,39.25568181818182,25.06590909090909,22.0,20,-0.9753591304347868,106.29263000000006,78,45.86363636363637,1,0
5807,42.070253164556966,27.28860759493671,13.0,16,-0.3835691176470557,103.13820588235292,53,42.31645569620253,0,0
5281,34.31032258064516,28.575483870967748,22.0,1,-0.2825614035087705,93.01936842105258,58,61.68387096774194,0,0
5412,28.61042944785276,23.617791411042944,19.0,5,-0.7433090909090897,102.75054545454547,57,29.49079754601227,0,0
7004,28.24066666666667,17.873333333333335,17.0,6,-0.0963252399774134,114.49559683794466,44,61.92666666666667,1,0
4381,37.822513089005234,27.226701570680625,0.0,14,-0.7424852941176453,93.34676470588236,70,68.61570680628273,1,0
5000,43.22758620689656,25.287068965517243,11.0,0,-0.3541017543859653,95.36228421052633,52,58.55603448275862,0,0
5412,23.652866242038225,18.22738853503185,20.0,5,-0.1376608547008526,99.66329914529912,57,48.82165605095541,0,0
5807,19.93058823529412,16.717647058823534,0.0,16,-0.1978825522303774,112.78403952569168,53,86.21176470588236,1,0
7004,42.26715328467153,21.32846715328467,19.0,6,-0.3026205882352911,111.28027941176472,44,49.58394160583941,0,0
5891,30.02610837438424,18.25320197044335,0.0,7,-0.0025434491978629,96.1202406417112,52,59.748768472906406,1,0
4259,36.10569620253165,21.50443037974684,19.0,10,-0.0858552419354846,75.7947318548387,72,54.10822784810126,0,0
4657,47.55581395348836,29.7968992248062,15.0,27,-0.2191828063241113,86.13818478260869,66,56.38449612403101,0,0
5793,49.31127819548872,33.1015037593985,12.0,15,-0.3805025799793577,88.08710526315787,53,32.285714285714285,0,0
5000,54.46171875,30.164843750000003,24.0,13,0.1870636363636349,99.30268181818184,53,47.734375,0,0
4309,46.04910179640718,23.01077844311377,21.0,29,-0.5187059829059828,91.6847094017094,71,76.07784431137725,0,0
5793,49.31127819548872,33.1015037593985,20.0,15,-0.2830434782608689,88.5935928853755,53,32.285714285714285,0,0
5891,27.670068027210885,15.77074829931973,12.0,7,-0.7179120879120864,96.33231868131864,52,67.33333333333333,1,0
5000,17.723776223776223,17.825174825174823,20.0,17,-0.3157801857585123,100.24763157894736,50,47.86013986013986,0,0
5000,52.35254237288136,26.692372881355933,25.0,28,-1.810921212121211,83.9825454545454,71,33.246610169491525,0,0
4361,24.569911504424784,17.797345132743363,21.0,8,-0.8343685770751009,96.2068804347826,70,73.38053097345133,1,0
4361,24.569911504424784,17.797345132743363,18.0,8,-1.2155666666666602,87.64348888888884,70,73.38053097345133,1,0
5412,31.01180124223602,27.43167701863354,16.0,5,-0.1054182266009833,102.15054482758616,57,21.496894409937887,0,0
5793,49.31127819548872,33.1015037593985,17.0,15,-0.3479978021978048,88.35405714285717,53,32.285714285714285,0,0
5000,29.79272727272728,18.63939393939394,14.0,9,-1.1616714572192512,128.755046345811,56,66.06060606060606,0,0
4381,48.579268292682926,28.808536585365857,31.0,14,-0.1411689655172409,86.94081379310339,70,32.80487804878049,0,0
5793,49.31127819548872,33.1015037593985,27.0,15,-0.458678195488724,90.18594285714288,53,32.285714285714285,0,0
5000,38.95074626865672,19.392537313432832,0.0,21,-1.8239403508771936,107.41162105263156,66,39.403731343283575,0,0
4318,46.42097902097903,29.42587412587413,28.0,3,-0.030613453079179,72.33885227272727,71,35.00699300699301,1,0
5412,27.627819548872186,20.53834586466165,19.0,5,-0.2466962168266515,100.85108300395255,57,54.517293233082704,0,0
5807,42.070253164556966,27.28860759493671,27.0,16,-0.144289230769231,100.65679076923077,53,42.31645569620253,0,0
5000,36.93207547169812,31.46289308176101,18.0,22,-0.3226037151702775,92.73485380116958,57,73.15723270440252,0,0
5281,33.46089743589744,26.96282051282052,24.0,1,-0.2504155844155841,92.41481818181818,58,51.0,0,0
5412,27.548148148148147,25.09907407407407,17.0,5,-0.3114548872180465,99.57017142857146,57,67.84722222222223,0,0
4381,37.822513089005234,27.226701570680625,0.0,14,-0.2378100806451646,90.3980221774194,70,68.61570680628273,1,0
5807,42.070253164556966,27.28860759493671,19.0,16,-0.1903675324675306,101.53038961038956,53,42.31645569620253,0,0
5000,15.205755395683456,13.09568345323741,23.0,30,-0.3357743478260899,106.43403000000004,58,80.1611510791367,1,0
5793,43.13877551020408,27.73469387755102,17.0,15,-7.590257142857135,138.2998095238095,53,33.14965986394558,0,0
5793,43.13877551020408,27.73469387755102,21.0,15,0.3432750000000013,85.92660833333335,53,33.14965986394558,0,0
7004,28.24066666666667,17.873333333333335,16.0,6,-0.31610357142857,114.23285833333335,44,61.92666666666667,1,0
5412,27.548148148148147,25.09907407407407,19.0,5,-0.1514368421052624,99.0117736842105,57,67.84722222222223,0,0
5793,41.201398601398594,28.090909090909093,22.0,15,-0.4441042735042751,91.97311111111114,53,40.12447552447553,0,0
5412,27.627819548872186,20.53834586466165,23.0,5,-0.2780280701754389,99.4383578947368,57,54.517293233082704,0,0
7004,36.08397435897436,21.78717948717949,12.0,6,-0.115289102202144,115.76839920948616,44,40.51923076923077,0,0
7004,42.26715328467153,21.32846715328467,8.0,6,-0.3221161764705855,110.43893382352942,44,49.58394160583941,0,0
5891,50.93152173913043,29.4,26.0,7,-0.3188430434782638,96.85557000000006,52,37.202173913043474,0,0
4909,42.023776223776224,25.11398601398601,22.0,12,-0.0922729105571843,84.57944886363634,63,48.42657342657343,0,0
5281,33.46089743589744,26.96282051282052,26.0,1,-0.3889093137254872,93.38586274509798,58,51.0,0,0
4381,27.129850746268666,20.74179104477612,31.0,14,-0.2977499999999959,83.449125,70,77.19253731343284,1,0
5807,37.50110497237569,21.69116022099448,15.0,16,-0.3405044117647068,102.84947058823532,53,43.430939226519335,0,0
4657,47.55581395348836,29.7968992248062,25.0,27,-0.3765764705882349,85.9038235294118,66,56.38449612403101,0,0
5513,35.523529411764706,29.28529411764706,23.0,32,-0.8308178571428564,110.47019166666668,56,49.62352941176471,0,0
5513,37.47080745341616,28.148447204968942,20.0,32,-0.141553281423806,106.24498924731188,56,61.19254658385093,0,0
5303,37.40833333333334,26.69743589743589,10.0,2,-0.712329717341482,101.58132268907566,58,43.65384615384615,0,0
5000,17.99444444444444,18.05,11.0,17,-0.8349446153846166,114.17321538461538,50,47.36111111111112,0,0
4381,48.579268292682926,28.808536585365857,27.0,14,-0.1237394871794888,85.3327435897436,70,32.80487804878049,0,0
5807,42.070253164556966,27.28860759493671,21.0,16,-0.1871597967250137,101.2606324110672,53,42.31645569620253,0,0
7004,42.26715328467153,21.32846715328467,13.0,6,-0.2228614035087699,110.16601578947363,44,49.58394160583941,0,0
5513,40.62857142857143,29.96011904761904,21.0,32,-0.1756473913043496,104.7369866666667,56,41.910714285714285,0,0
4309,51.56139240506329,23.1373417721519,7.0,29,-0.7387083760683771,90.44647008547008,71,60.10126582278481,0,0
5063,36.42215909090909,29.844318181818185,24.0,26,0.1920082559339556,97.81459649122804,62,72.0284090909091,0,0
5412,28.61042944785276,23.617791411042944,18.0,5,-0.8305714285714262,107.00114285714282,57,29.49079754601227,0,0
4259,33.44601226993865,22.73006134969325,19.0,10,1.6586,81.82682222222222,72,75.38036809815951,0,0
5412,27.627819548872186,20.53834586466165,18.0,5,-0.1694156521739148,99.39553000000004,57,54.517293233082704,0,0
5303,38.40208333333333,20.62222222222222,25.0,2,0.1886556521739131,79.95062666666664,58,44.451388888888886,0,0
4318,46.42097902097903,29.42587412587413,24.0,3,-0.0438023076923082,71.72246769230769,71,35.00699300699301,1,0
4361,30.59320987654321,18.53024691358025,11.0,8,-0.0572508771929829,77.67825789473684,70,63.901234567901234,0,0
4318,46.42097902097903,29.42587412587413,25.0,3,-0.0454108695652179,71.79901666666669,71,35.00699300699301,1,0
5281,34.31032258064516,28.575483870967748,20.0,1,-0.1328606719367584,94.41729347826086,58,61.68387096774194,0,0
5412,27.627819548872186,20.53834586466165,16.0,5,-0.0837326217843455,98.0872118226601,57,54.517293233082704,0,0
5412,27.627819548872186,20.53834586466165,18.0,5,-0.1582361660079055,98.3126413043478,57,54.517293233082704,0,0
5513,40.62857142857143,29.96011904761904,15.0,32,-0.1514251835121394,104.48841897233204,56,41.910714285714285,0,0
4381,44.91612903225806,28.82387096774194,26.0,14,-0.114289525691699,84.63879347826087,70,46.92258064516129,0,0
5412,23.652866242038225,18.22738853503185,24.0,5,-0.2128506493506502,98.10717316017316,57,48.82165605095541,0,0
4361,41.26111111111111,20.762962962962963,26.0,8,-1.101673846153847,99.41276615384616,70,28.925925925925927,0,0
4309,46.04910179640718,23.01077844311377,19.0,29,0.1255196078431373,76.676431372549,71,76.07784431137725,0,0
4657,48.957317073170735,36.56585365853658,13.0,27,-0.2003561403508768,92.6104684210526,66,7.109756097560975,0,0
4657,32.9223076923077,22.203076923076924,27.0,27,-0.4237648351648374,87.98868571428572,66,57.55307692307692,0,0
5412,27.548148148148147,25.09907407407407,19.0,5,-0.3826323529411746,99.24499264705884,57,67.84722222222223,0,0
4361,24.569911504424784,17.797345132743363,19.0,8,-0.4734553846153849,92.43161538461538,70,73.38053097345133,1,0
5063,36.42215909090909,29.844318181818185,23.0,26,0.0207089783281754,98.99002923976607,62,72.0284090909091,0,0
5412,27.627819548872186,20.53834586466165,20.0,5,-0.144229565217394,97.94339000000004,57,54.517293233082704,0,0
4259,30.80588235294118,19.00588235294118,28.0,10,-0.1553516483516482,79.30720105820104,72,60.96078431372549,0,0
4318,33.18397435897436,20.96602564102564,32.0,3,-0.1306088888888877,70.84618803418802,71,49.73076923076923,1,0
5063,36.42215909090909,29.844318181818185,23.0,26,0.2543323013415898,97.88528654970762,62,72.0284090909091,0,0
5281,28.4656050955414,24.519108280254777,31.0,1,0.519583333333333,104.42488888888882,58,59.05477707006369,0,0
5412,28.61042944785276,23.617791411042944,20.0,5,1.3958928571428473,102.59860714285716,57,29.49079754601227,0,0
7004,36.08397435897436,21.78717948717949,22.0,6,-0.1413063725490185,114.96368627450975,44,40.51923076923077,0,0
5412,27.548148148148147,25.09907407407407,19.0,5,0.0213586229946515,97.40032263814614,57,67.84722222222223,0,0
4657,32.9223076923077,22.203076923076924,17.0,27,-0.1195860805860807,86.13832275132276,66,57.55307692307692,0,0
5891,50.93152173913043,29.4,25.0,7,-0.3352176923076926,96.10345230769232,52,37.202173913043474,0,0
5807,19.93058823529412,16.717647058823534,6.0,16,-0.3047338345864695,113.61987142857149,53,86.21176470588236,1,0
5513,37.47080745341616,28.148447204968942,20.0,32,-0.1687111111111106,103.99235042735044,56,61.19254658385093,0,0
4259,33.44601226993865,22.73006134969325,12.0,10,-0.053012121212124,88.33125454545453,72,75.38036809815951,0,0
4657,41.09610389610391,24.132467532467533,20.0,27,-0.0545833147942168,83.05372473118283,66,63.44155844155844,1,0
5000,23.469291338582668,20.947244094488195,34.0,24,-0.4982202540106956,71.82031194295898,87,58.169291338582674,0,0
5000,36.93207547169812,31.46289308176101,14.0,22,-1.0065944055944076,95.55260256410256,57,73.15723270440252,0,0
7004,36.08397435897436,21.78717948717949,19.0,6,-0.6696727272727205,117.5650909090909,44,40.51923076923077,0,0
5412,23.652866242038225,18.22738853503185,18.0,5,0.0173884615384592,96.82837846153848,57,48.82165605095541,0,0
5000,17.723776223776223,17.825174825174823,27.0,17,-0.6929370629370644,102.55582051282047,50,47.86013986013986,0,0
5891,27.670068027210885,15.77074829931973,13.0,7,-1.2990818181818171,98.6525909090909,52,67.33333333333333,1,0
5891,50.93152173913043,29.4,16.0,7,-0.1411242236024803,96.17421343873514,52,37.202173913043474,0,0
5000,36.93207547169812,31.46289308176101,18.0,22,-0.4447678018575853,93.8288596491228,57,73.15723270440252,0,0
5891,27.670068027210885,15.77074829931973,13.0,7,-0.8633241758241754,97.2321758241758,52,67.33333333333333,1,0
5281,33.46089743589744,26.96282051282052,25.0,1,-0.4313985294117635,92.45317647058828,58,51.0,0,0
5891,27.670068027210885,15.77074829931973,11.0,7,-0.7403692307692368,98.0108285714286,52,67.33333333333333,1,0
5807,42.070253164556966,27.28860759493671,9.0,16,-0.425101754385963,106.023547368421,53,42.31645569620253,0,0
5412,44.664,28.521999999999995,16.0,19,-0.729574384236452,106.62238620689648,57,59.00666666666667,0,0
5063,36.445625,30.786250000000003,21.0,26,-1.9392738095238136,110.35658333333332,62,74.65,0,0
4381,26.720958083832333,18.55988023952096,32.0,14,0.158867588932807,85.30084782608694,70,69.31736526946108,1,0
5063,36.445625,30.786250000000003,10.0,26,-0.5323496503496528,102.9052564102564,62,74.65,0,0
6174,31.79256756756757,26.09189189189189,17.0,25,-0.322147983870969,101.7648971774194,50,57.79054054054054,0,0
5000,30.60328947368421,26.41513157894737,24.0,22,0.6783098901098861,84.1103428571429,57,75.54013157894737,1,0
5807,37.50110497237569,21.69116022099448,0.0,16,-0.2312117647058807,101.87458823529414,53,43.430939226519335,0,0
5807,19.93058823529412,16.717647058823534,0.0,16,-0.2298311688311712,113.60002597402598,53,86.21176470588236,1,0
5412,31.01180124223602,27.43167701863354,18.0,5,-0.2383429059829074,102.48978632478637,57,21.496894409937887,0,0
5412,27.548148148148147,25.09907407407407,20.0,5,-0.2611186790505675,98.80295321637423,57,67.84722222222223,0,0
5281,33.46089743589744,26.96282051282052,20.0,1,-0.196758461538461,92.99386153846152,58,51.0,0,0
5793,43.52751677852349,28.885234899328864,22.0,15,-1.155102222222223,107.40262393162396,53,33.275838926174494,0,0
4657,41.09610389610391,24.132467532467533,27.0,27,-0.1483626482213457,81.1089891304348,66,63.44155844155844,1,0
5063,36.42215909090909,29.844318181818185,24.0,26,-0.4465562435500512,103.29533918128654,62,72.0284090909091,0,0
5000,17.99444444444444,18.05,9.0,17,-0.6867341897233222,107.12851086956525,50,47.36111111111112,0,0
4318,30.74671052631579,20.25592105263158,0.0,3,0.1158584415584414,72.19122510822511,71,35.13815789473684,0,0
5000,17.723776223776223,17.825174825174823,18.0,17,-0.2453444381705242,99.84979841897234,50,47.86013986013986,0,0
4909,42.023776223776224,25.11398601398601,31.0,12,-0.8875090909090881,86.45463636363635,63,48.42657342657343,0,0
5793,43.52751677852349,28.885234899328864,24.0,15,-1.158822954822952,108.61614285714282,53,33.275838926174494,0,0
5412,23.652866242038225,18.22738853503185,18.0,5,-0.800632867132868,103.41606410256408,57,48.82165605095541,0,0
5000,17.99444444444444,18.05,23.0,17,-0.969484102564102,116.93828205128206,50,47.36111111111112,0,0
4657,48.957317073170735,36.56585365853658,20.0,27,-0.0335921920821101,89.46639772727269,66,7.109756097560975,0,0
5513,40.62857142857143,29.96011904761904,18.0,32,-0.2425428571428584,104.04404761904762,56,41.910714285714285,0,0
7004,36.08397435897436,21.78717948717949,16.0,6,-0.210392647058823,116.6463823529412,44,40.51923076923077,0,0
4318,46.42097902097903,29.42587412587413,22.0,3,-0.009738916256155,71.96110344827581,71,35.00699300699301,1,0
5891,30.02610837438424,18.25320197044335,0.0,7,-0.1185223834988528,96.57882521008403,52,59.748768472906406,1,0
4304,47.579268292682926,21.206707317073167,0.0,18,-0.1064296187683285,84.00790909090908,71,31.2109756097561,0,0
5807,42.070253164556966,27.28860759493671,12.0,16,-1.271478021978021,111.98056043956038,53,42.31645569620253,0,0
5000,36.93207547169812,31.46289308176101,13.0,22,-0.4340825593395256,92.39770175438596,57,73.15723270440252,0,0
5412,28.61042944785276,23.617791411042944,16.0,5,0.2768892857142854,98.12810833333334,57,29.49079754601227,0,0
5000,54.46171875,30.164843750000003,13.0,13,0.0115746153846154,100.7439846153846,53,47.734375,0,0
4381,26.720958083832333,18.55988023952096,28.0,14,0.1970602079912449,83.75090147783247,70,69.31736526946108,1,0
4381,37.822513089005234,27.226701570680625,0.0,14,-0.6783808049535608,93.06884795321638,70,68.61570680628273,1,0
7004,42.26715328467153,21.32846715328467,16.0,6,-0.2354315789473722,111.51400000000008,44,49.58394160583941,0,0
5807,37.50110497237569,21.69116022099448,11.0,16,-0.2416849624060166,100.95345714285716,53,43.430939226519335,0,0
4309,46.04910179640718,23.01077844311377,21.0,29,-0.0105504965622599,83.17123025210083,71,76.07784431137725,0,0
4361,41.26111111111111,20.762962962962963,9.0,8,-0.9270864957264976,97.49173504273506,70,28.925925925925927,0,0
5412,31.01180124223602,27.43167701863354,20.0,5,-0.2571654432523996,103.61523715415018,57,21.496894409937887,0,0
5000,36.93207547169812,31.46289308176101,15.0,22,-0.4203715170278628,92.74304678362572,57,73.15723270440252,0,0
5000,17.723776223776223,17.825174825174823,19.0,17,-0.2779337662337651,101.43152813852812,50,47.86013986013986,0,0
4381,44.91612903225806,28.82387096774194,17.0,14,-0.1083853170189131,85.19512043010756,70,46.92258064516129,0,0
4318,46.42097902097903,29.42587412587413,23.0,3,-0.1661578947368407,74.30705263157891,71,35.00699300699301,1,0
5807,42.070253164556966,27.28860759493671,14.0,16,-0.0723002189381484,99.87937438423644,53,42.31645569620253,0,0
4361,24.569911504424784,17.797345132743363,20.0,8,1.7529833333333318,78.57862222222222,70,73.38053097345133,1,0
5000,36.93207547169812,31.46289308176101,13.0,22,-0.0050989010989059,92.16900000000004,57,73.15723270440252,0,0
3337,46.318000000000005,21.596499999999995,0.0,20,-0.0190201709401688,76.03598290598289,78,63.99,0,0
4318,32.05424836601307,22.398039215686275,12.0,3,-0.2680604395604398,75.8486746031746,71,52.04575163398693,1,0
4259,30.80588235294118,19.00588235294118,12.0,10,-0.4300171568627441,79.66649019607841,72,60.96078431372549,0,0
4381,48.579268292682926,28.808536585365857,29.0,14,-0.1163866666666662,85.60133333333334,70,32.80487804878049,0,0
5000,25.715625,20.50546875,16.0,21,-0.5856225490196066,89.03568627450977,66,67.528125,0,0
5513,37.47080745341616,28.148447204968942,20.0,32,-0.1245295652173935,102.8632566666667,56,61.19254658385093,0,0
5412,23.652866242038225,18.22738853503185,20.0,5,-0.1460376068376058,98.37423931623933,57,48.82165605095541,0,0
4909,16.827329192546582,10.62111801242236,6.0,12,-0.0971610837438417,81.6931517241379,63,69.4888198757764,1,0
4657,33.838961038961045,22.674025974025977,26.0,27,-0.5298417582417615,82.46868571428574,66,63.07792207792208,0,0
4657,47.55581395348836,29.7968992248062,20.0,27,-0.161339230769232,84.69679076923077,66,56.38449612403101,0,0
4657,33.838961038961045,22.674025974025977,21.0,27,-0.1185284619594945,82.63288423645317,66,63.07792207792208,0,0
5000,38.95074626865672,19.392537313432832,0.0,21,-1.017818461538462,102.68758153846154,66,39.403731343283575,0,0
5513,40.62857142857143,29.96011904761904,19.0,32,-0.1438956043956029,104.6344947089947,56,41.910714285714285,0,0
4381,44.91612903225806,28.82387096774194,19.0,14,-0.0804881422924918,84.0368043478261,70,46.92258064516129,0,0
3337,46.318000000000005,21.596499999999995,0.0,20,-0.053023199023199,76.51170899470901,78,63.99,0,0
5793,49.31127819548872,33.1015037593985,22.0,15,-0.4187176470588214,87.06375735294121,53,32.285714285714285,0,0
5807,37.50110497237569,21.69116022099448,14.0,16,-0.2674520123839022,100.43239766081872,53,43.430939226519335,0,0
5000,15.205755395683456,13.09568345323741,25.0,30,-0.3335000000000016,106.14044,58,80.1611510791367,1,0
4318,32.05424836601307,22.398039215686275,19.0,3,-0.3214070175438601,75.24366315789472,71,52.04575163398693,1,0
5513,37.47080745341616,28.148447204968942,24.0,32,-0.3142719298245582,103.20765789473678,56,61.19254658385093,0,0
5807,37.50110497237569,21.69116022099448,0.0,16,-0.0459627805145041,100.46671182266007,53,43.430939226519335,0,0
4381,48.579268292682926,28.808536585365857,24.0,14,-0.1040870279146144,85.95167487684729,70,32.80487804878049,0,0
5281,33.46089743589744,26.96282051282052,27.0,1,-0.5020249999999981,93.56464166666666,58,51.0,0,0
4304,41.68909090909092,24.31272727272728,29.0,18,-0.2238161764705864,88.86723529411763,71,34.442424242424245,0,0
4318,32.05424836601307,22.398039215686275,12.0,3,-0.2529175824175804,75.37733597883596,71,52.04575163398693,1,0
4657,41.09610389610391,24.132467532467533,24.0,27,-0.1131666666666653,81.7985714285714,66,63.44155844155844,1,0
5891,50.93152173913043,29.4,18.0,7,-0.1638286290322585,95.47775,52,37.202173913043474,0,0
4381,26.720958083832333,18.55988023952096,19.0,14,-0.2157649122806997,88.60383157894732,70,69.31736526946108,1,0
7004,36.08397435897436,21.78717948717949,14.0,6,-0.2156912280701748,115.12958947368416,44,40.51923076923077,0,0
4304,35.60251572327045,19.88867924528302,23.0,18,-0.0760892307692325,83.61975076923076,71,51.0503144654088,0,0
5891,50.93152173913043,29.4,23.0,7,-0.2718618803418801,98.35027350427347,52,37.202173913043474,0,0
4318,52.025,28.684166666666663,30.0,3,-2.95692857142857,99.77543333333334,71,33.8325,0,0
5000,36.93207547169812,31.46289308176101,13.0,22,-0.319136222910216,92.98304678362574,57,73.15723270440252,0,0
4318,46.42097902097903,29.42587412587413,27.0,3,-0.019057142857142,72.17888403361344,71,35.00699300699301,1,0
5063,36.42215909090909,29.844318181818185,24.0,26,-0.4900906862745076,103.54896078431368,62,72.0284090909091,0,0
5807,37.50110497237569,21.69116022099448,21.0,16,-0.3774749999999992,100.54632499999998,53,43.430939226519335,0,0
4361,30.59320987654321,18.53024691358025,28.0,8,-0.0099962180200244,76.45251182795701,70,63.901234567901234,0,0
5303,38.40208333333333,20.62222222222222,21.0,2,0.1240124582869841,81.96561935483871,58,44.451388888888886,0,0
5281,33.46089743589744,26.96282051282052,19.0,1,-0.2036092307692314,92.03615076923074,58,51.0,0,0
5000,15.205755395683456,13.09568345323741,7.0,30,-0.1673330769230783,105.64147692307692,58,80.1611510791367,1,0
5303,38.40208333333333,20.62222222222222,24.0,2,0.7796588235294141,79.03693382352942,58,44.451388888888886,0,0
4381,48.579268292682926,28.808536585365857,33.0,14,-0.2453649350649351,85.79436363636361,70,32.80487804878049,0,0
7004,36.08397435897436,21.78717948717949,16.0,6,-0.2045392857142824,116.39304166666666,44,40.51923076923077,0,0
5412,31.01180124223602,27.43167701863354,14.0,5,-0.1063545454545431,102.32213636363636,57,21.496894409937887,0,0
7004,29.82396694214876,18.568595041322315,14.0,6,-0.1145045112781967,111.63984285714288,44,54.85289256198346,0,0
5000,43.22758620689656,25.287068965517243,17.0,0,-0.1855443609022596,95.35967142857147,52,58.55603448275862,0,0
4318,33.18397435897436,20.96602564102564,32.0,3,-0.1882015037594001,71.5028142857143,71,49.73076923076923,1,0
5000,23.469291338582668,20.947244094488195,22.0,24,0.7920181818181823,63.24981818181816,87,58.169291338582674,0,0
5000,43.22758620689656,25.287068965517243,12.0,0,-0.4102683178534566,95.73394736842104,52,58.55603448275862,0,0
4657,41.09610389610391,24.132467532467533,26.0,27,-0.1310755336617397,82.05759113300489,66,63.44155844155844,1,0
4259,36.10569620253165,21.50443037974684,8.0,10,-0.1005152173913049,76.52280000000002,72,54.10822784810126,0,0
5281,34.31032258064516,28.575483870967748,23.0,1,0.2905196078431409,92.72531372549015,58,61.68387096774194,0,0
4361,24.569911504424784,17.797345132743363,20.0,8,-0.6033476923076939,93.94661230769232,70,73.38053097345133,1,0
4381,26.720958083832333,18.55988023952096,22.0,14,0.1179796554252195,83.01053409090909,70,69.31736526946108,1,0
5412,28.61042944785276,23.617791411042944,16.0,5,-0.5915879120879126,103.99583516483514,57,29.49079754601227,0,0
4259,33.44601226993865,22.73006134969325,18.0,10,0.0841508771929847,81.00469473684207,72,75.38036809815951,0,0
5000,17.99444444444444,18.05,27.0,17,-1.818035714285713,103.74067857142856,50,47.36111111111112,0,0
4381,26.720958083832333,18.55988023952096,29.0,14,0.0916444281524919,84.84326136363636,70,69.31736526946108,1,0
7004,28.24066666666667,17.873333333333335,15.0,6,-0.1700278195488758,114.61871428571432,44,61.92666666666667,1,0
5412,31.01180124223602,27.43167701863354,16.0,5,-0.2331785714285683,101.92551666666668,57,21.496894409937887,0,0
5412,27.627819548872186,20.53834586466165,15.0,5,-0.1504742747673774,97.42815270935957,57,54.517293233082704,0,0
5793,41.201398601398594,28.090909090909093,22.0,15,-0.3110868376068369,90.82747008547008,53,40.12447552447553,0,0
4309,46.04910179640718,23.01077844311377,19.0,29,-0.4985483760683757,91.43608547008546,71,76.07784431137725,0,0
5513,40.62857142857143,29.96011904761904,17.0,32,-0.2080016939582155,103.97151778656124,56,41.910714285714285,0,0
5000,23.469291338582668,20.947244094488195,13.0,24,-1.6341300000000003,85.81488,87,58.169291338582674,0,0
5513,46.60193548387097,28.12129032258064,22.0,32,-0.4195624060150391,105.32434285714284,56,35.535483870967745,0,0
3337,39.25568181818182,25.06590909090909,0.0,20,-0.9334288537549408,104.4595869565217,78,45.86363636363637,1,0
5000,40.34242424242424,28.80606060606061,24.0,23,-1.081399999999994,106.61090909090908,53,51.36287878787879,0,0
4381,27.129850746268666,20.74179104477612,16.0,14,-0.183108270676693,85.56512857142857,70,77.19253731343284,1,0
4909,16.827329192546582,10.62111801242236,28.0,12,-0.0975733990147756,80.77968275862062,63,69.4888198757764,1,0
4657,47.55581395348836,29.7968992248062,21.0,27,-0.1592687747035573,86.07491304347828,66,56.38449612403101,0,0
5412,31.01180124223602,27.43167701863354,20.0,5,-0.3486620553359679,103.0843695652174,57,21.496894409937887,0,0
4381,26.720958083832333,18.55988023952096,32.0,14,0.2830614035087722,82.9907631578947,70,69.31736526946108,1,0
4657,32.9223076923077,22.203076923076924,20.0,27,-0.1445607001693966,87.85884189723319,66,57.55307692307692,0,0
5412,44.664,28.521999999999995,17.0,19,-0.7243852216748771,106.61577241379308,57,59.00666666666667,0,0
5891,50.93152173913043,29.4,16.0,7,-0.1043211898395728,95.85553297682706,52,37.202173913043474,0,0
4657,41.09610389610391,24.132467532467533,21.0,27,-0.1100538375973324,81.50458064516131,66,63.44155844155844,1,0
5793,41.201398601398594,28.090909090909093,22.0,15,-0.4568731623931636,92.17537606837608,53,40.12447552447553,0,0
5000,47.14968944099379,25.43540372670808,15.0,4,-0.3919852941176436,111.17452941176464,51,59.49068322981366,0,0
5000,29.79272727272728,18.63939393939394,10.0,9,-1.0070731924360437,120.73202795698928,56,66.06060606060606,0,0
5303,38.40208333333333,20.62222222222222,21.0,2,0.4748873517786566,78.31541304347824,58,44.451388888888886,0,0
5303,38.40208333333333,20.62222222222222,26.0,2,0.2739704347826066,80.54142333333337,58,44.451388888888886,0,0
5412,28.61042944785276,23.617791411042944,16.0,5,-0.5959818181818134,105.48745454545455,57,29.49079754601227,0,0
5412,23.652866242038225,18.22738853503185,22.0,5,-0.2127114624505918,98.89817391304348,57,48.82165605095541,0,0
5513,37.47080745341616,28.148447204968942,19.0,32,0.0020352173913031,103.95513666666666,56,61.19254658385093,0,0
5303,38.40208333333333,20.62222222222222,24.0,2,0.1642372742200337,81.55140394088667,58,44.451388888888886,0,0
4309,46.04910179640718,23.01077844311377,25.0,29,-1.4918181818181837,103.36363636363636,71,76.07784431137725,0,0
5513,35.523529411764706,29.28529411764706,14.0,32,-0.2305175953079179,108.3258977272727,56,49.62352941176471,0,0
5281,31.80540540540541,26.76824324324324,24.0,1,-0.2876753246753248,92.34303896103894,58,51.44594594594594,0,0
4318,46.42097902097903,29.42587412587413,23.0,3,0.0043394383394384,72.3029947089947,71,35.00699300699301,1,0
5000,30.60328947368421,26.41513157894737,24.0,22,1.6102500000000006,87.35153571428572,57,75.54013157894737,1,0
4318,33.18397435897436,20.96602564102564,18.0,3,-0.1446334782608716,73.54116000000002,71,49.73076923076923,1,0
5000,38.95074626865672,19.392537313432832,0.0,21,-0.6761228418640186,97.9144386554622,66,39.403731343283575,0,0
4318,32.05424836601307,22.398039215686275,13.0,3,-0.0722238042269204,71.98377849462368,71,52.04575163398693,1,0
5303,38.40208333333333,20.62222222222222,29.0,2,0.3898351214003385,80.34464031620554,58,44.451388888888886,0,0
7004,36.08397435897436,21.78717948717949,20.0,6,-0.4303531468531488,116.08785897435897,44,40.51923076923077,0,0
5412,23.652866242038225,18.22738853503185,26.0,5,-0.4639102941176455,99.84088970588236,57,48.82165605095541,0,0
4309,46.04910179640718,23.01077844311377,12.0,29,0.1313526315789478,78.6871,71,76.07784431137725,0,0
4318,46.42097902097903,29.42587412587413,19.0,3,-0.1037556650246275,74.29606206896547,71,35.00699300699301,1,0
3337,46.318000000000005,21.596499999999995,0.0,20,-1.513457142857149,82.69647619047619,78,63.99,0,0
5000,15.205755395683456,13.09568345323741,22.0,30,-0.2250390977443627,107.54847142857147,58,80.1611510791367,1,0
4318,32.05424836601307,22.398039215686275,0.0,3,-0.19854556451613,77.15579637096775,71,52.04575163398693,1,0
4381,26.720958083832333,18.55988023952096,20.0,14,0.1395155993431866,84.40396798029555,70,69.31736526946108,1,0
4318,52.025,28.684166666666663,30.0,3,-3.174499999999999,100.85616666666664,71,33.8325,0,0
4381,44.91612903225806,28.82387096774194,25.0,14,-0.0260191323693,85.97374408602151,70,46.92258064516129,0,0
4318,32.05424836601307,22.398039215686275,12.0,3,-0.2063054187192109,75.58237931034479,71,52.04575163398693,1,0
5000,16.360204081632652,9.499999999999998,27.0,11,-1.3296249999999987,107.60062500000002,60,59.40408163265305,1,0
5891,50.93152173913043,29.4,19.0,7,-0.1589411290322613,95.3020524193549,52,37.202173913043474,0,0
4657,47.55581395348836,29.7968992248062,27.0,27,-0.4118779411764697,85.34752205882356,66,56.38449612403101,0,0
4361,24.569911504424784,17.797345132743363,18.0,8,0.7605545454545433,81.88404545454547,70,73.38053097345133,1,0
6174,31.79256756756757,26.09189189189189,7.0,25,-0.5527148093841631,106.50464204545447,50,57.79054054054054,0,0
5063,28.973333333333333,26.23254901960784,7.0,26,-0.5702499999999995,117.933375,61,87.44705882352942,1,0
5513,35.523529411764706,29.28529411764706,27.0,32,-0.8639090909090912,107.7766363636364,56,49.62352941176471,0,0
5891,30.02610837438424,18.25320197044335,14.0,7,0.330876923076923,94.25923692307694,52,59.748768472906406,1,0
4909,23.2608,18.0304,13.0,12,-7.571696969696966,133.33543636363632,63,71.1368,0,0
5000,47.14968944099379,25.43540372670808,24.0,4,-0.2143308823529402,110.1110588235294,51,59.49068322981366,0,0
4318,32.05424836601307,22.398039215686275,10.0,3,-0.3771823076923083,78.11434769230769,71,52.04575163398693,1,0
4361,41.26111111111111,20.762962962962963,34.0,8,-0.8392264957264968,96.95972222222224,70,28.925925925925927,0,0
4361,24.569911504424784,17.797345132743363,19.0,8,-0.4845808547008539,92.88837606837606,70,73.38053097345133,1,0
5513,37.47080745341616,28.148447204968942,18.0,32,-0.1284919658119664,102.99349572649574,56,61.19254658385093,0,0
4381,27.129850746268666,20.74179104477612,31.0,14,-0.0722380443086326,82.9766924369748,70,77.19253731343284,1,0
4657,48.957317073170735,36.56585365853658,21.0,27,-0.3099978021978078,90.97677142857152,66,7.109756097560975,0,0
4259,24.94114832535885,16.791866028708135,10.0,10,-0.861443826473862,98.43500215053768,72,70.77511961722487,1,0
4381,26.720958083832333,18.55988023952096,30.0,14,0.1605958498023709,85.36444565217391,70,69.31736526946108,1,0
5000,30.60328947368421,26.41513157894737,17.0,22,0.2916491304347803,87.12999333333336,57,75.54013157894737,1,0
5000,38.95074626865672,19.392537313432832,0.0,21,-2.07248813209494,109.24842690058476,66,39.403731343283575,0,0
4381,44.91612903225806,28.82387096774194,24.0,14,-0.1119748609566203,85.12966881720433,70,46.92258064516129,0,0
5000,17.723776223776223,17.825174825174823,19.0,17,-0.2487171089779807,101.2931660079052,50,47.86013986013986,0,0
5513,40.62857142857143,29.96011904761904,19.0,32,-0.2749844155844146,104.1990346320346,56,41.910714285714285,0,0
4318,46.42097902097903,29.42587412587413,23.0,3,-0.0466814449917898,73.18698522167487,71,35.00699300699301,1,0
5281,34.31032258064516,28.575483870967748,27.0,1,-0.3232858617131052,94.3399298245614,58,61.68387096774194,0,0
5000,17.723776223776223,17.825174825174823,14.0,17,-0.1679150197628463,99.05471739130437,50,47.86013986013986,0,0
5412,31.01180124223602,27.43167701863354,15.0,5,-0.3229714285714325,103.87760000000004,57,21.496894409937887,0,0
5891,27.670068027210885,15.77074829931973,11.0,7,-0.8525054945054988,97.74728571428574,52,67.33333333333333,1,0
5513,37.47080745341616,28.148447204968942,19.0,32,-0.1671880341880352,103.97842735042734,56,61.19254658385093,0,0
5891,30.94105960264901,21.473509933774835,14.0,7,-3.057685714285718,135.43441428571435,52,56.18543046357616,0,0
4318,32.05424836601307,22.398039215686275,12.0,3,-0.2612570940170935,75.93629059829058,71,52.04575163398693,1,0
5281,33.46089743589744,26.96282051282052,20.0,1,-0.2180415019762848,92.34884782608697,58,51.0,0,0
5000,38.31453488372093,24.17093023255814,33.0,4,0.6013461538461562,107.00984615384613,51,55.80523255813954,0,0
4361,24.569911504424784,17.797345132743363,20.0,8,0.0515714285714342,93.76699999999995,70,73.38053097345133,1,0
5412,23.652866242038225,18.22738853503185,20.0,5,-0.1600278260869587,98.2574033333334,57,48.82165605095541,0,0
4309,46.04910179640718,23.01077844311377,21.0,29,-0.1105940146809716,79.62105533596836,71,76.07784431137725,0,0
5281,33.46089743589744,26.96282051282052,20.0,1,-0.2047600000000025,91.9220733333334,58,51.0,0,0
6174,31.79256756756757,26.09189189189189,8.0,25,-0.9766691176470556,107.6380588235294,50,57.79054054054054,0,0
5793,41.201398601398594,28.090909090909093,10.0,15,-0.3790919658119662,92.0116495726496,53,40.12447552447553,0,0
4309,46.04910179640718,23.01077844311377,16.0,29,-0.0696102941176464,79.04064705882351,71,76.07784431137725,0,0
4318,32.05424836601307,22.398039215686275,6.0,3,-0.2060983314794243,76.28109247311832,71,52.04575163398693,1,0
7004,42.26715328467153,21.32846715328467,14.0,6,-0.2594178571428533,109.58239166666662,44,49.58394160583941,0,0
5000,29.79272727272728,18.63939393939394,10.0,9,-1.013962180200226,120.28511827956991,56,66.06060606060606,0,0
5513,37.47080745341616,28.148447204968942,22.0,32,-0.1608100000000034,104.9483566666667,56,61.19254658385093,0,0
5000,43.22758620689656,25.287068965517243,13.0,0,-0.2076168831168828,94.3494545454545,52,58.55603448275862,0,0
4657,48.957317073170735,36.56585365853658,20.0,27,-0.2494191176470553,90.34845588235294,66,7.109756097560975,0,0
4304,41.68909090909092,24.31272727272728,23.0,18,0.0008400444938792,84.98701935483875,71,34.442424242424245,0,0
4909,16.827329192546582,10.62111801242236,28.0,12,-0.1990019704433472,83.6923034482758,63,69.4888198757764,1,0
6174,31.68497409326425,28.816062176165804,13.0,25,-0.5528727272727307,106.77792727272724,50,76.20310880829015,0,0
5000,35.22879999999999,25.3144,24.0,13,0.0847274725274655,98.95791428571432,53,58.6304,0,0
4381,26.720958083832333,18.55988023952096,31.0,14,0.1173369565217386,85.18033695652174,70,69.31736526946108,1,0
4318,46.42097902097903,29.42587412587413,26.0,3,-0.0725233082706775,71.81577142857145,71,35.00699300699301,1,0
4259,33.44601226993865,22.73006134969325,17.0,10,1.8420999999999976,80.76893333333331,72,75.38036809815951,0,0
5412,31.01180124223602,27.43167701863354,17.0,5,-0.3620395256916998,103.1166086956522,57,21.496894409937887,0,0
5000,47.14968944099379,25.43540372670808,14.0,4,-0.3049805128205118,115.50125641025645,51,59.49068322981366,0,0
3337,46.318000000000005,21.596499999999995,0.0,20,3.708799999999997,74.9983333333333,78,63.99,0,0
5412,42.81975308641975,30.617283950617285,14.0,19,-3.3574461538461584,124.55840000000003,57,58.858024691358025,1,0
5513,40.62857142857143,29.96011904761904,23.0,32,-1.089214285714292,108.6482142857143,56,41.910714285714285,0,0
5000,23.469291338582668,20.947244094488195,23.0,24,0.6788500000000021,62.8930444444444,87,58.169291338582674,0,0
4304,45.63947368421053,25.547368421052628,30.0,18,-0.0425314516129046,86.33955241935486,71,23.55263157894737,0,0
5793,49.31127819548872,33.1015037593985,22.0,15,-0.529357142857141,87.56249999999999,53,32.285714285714285,0,0
5000,15.205755395683456,13.09568345323741,22.0,30,-0.3018552173913049,105.83412666666666,58,80.1611510791367,1,0
4318,30.74671052631579,20.25592105263158,31.0,3,-0.7412027972027972,74.91094871794871,71,35.13815789473684,0,0
4909,23.2608,18.0304,32.0,12,-5.96144405594405,135.1428589743589,63,71.1368,0,0
5513,35.523529411764706,29.28529411764706,25.0,32,-0.2758064935064926,106.77896969696964,56,49.62352941176471,0,0
3337,31.038367346938774,22.27469387755102,8.0,20,-1.217890909090907,96.41538528138526,78,75.66530612244898,1,0
5891,50.93152173913043,29.4,21.0,7,-0.1541212370005467,96.11952955665026,52,37.202173913043474,0,0
4309,46.04910179640718,23.01077844311377,16.0,29,-0.1968599999999995,79.83495999999998,71,76.07784431137725,0,0
5412,27.548148148148147,25.09907407407407,16.0,5,-0.1638804347826077,100.27181521739132,57,67.84722222222223,0,0
5807,42.070253164556966,27.28860759493671,19.0,16,-0.3217745098039183,100.11013725490191,53,42.31645569620253,0,0
5000,43.22758620689656,25.287068965517243,24.0,0,-0.2823258046301525,94.34719367588932,52,58.55603448275862,0,0
5412,23.652866242038225,18.22738853503185,21.0,5,-0.162016521739133,98.0926066666667,57,48.82165605095541,0,0
5000,16.360204081632652,9.499999999999998,16.0,11,-2.5167691176470592,119.942080882353,60,59.40408163265305,1,0
5000,15.205755395683456,13.09568345323741,10.0,30,-0.4633107142857132,108.04390833333332,58,80.1611510791367,1,0
5000,30.60328947368421,26.41513157894737,22.0,22,0.3536038961038971,86.06996103896103,57,75.54013157894737,1,0
7004,42.26715328467153,21.32846715328467,13.0,6,-0.201422924901188,111.15108695652178,44,49.58394160583941,0,0
5807,19.93058823529412,16.717647058823534,0.0,16,-0.3854480519480527,113.62290909090908,53,86.21176470588236,1,0
5000,15.205755395683456,13.09568345323741,22.0,30,-0.2862311111111122,107.43965811965812,58,80.1611510791367,1,0
